size,from_scratch,caching,change_only,incremental
100,1.7984019786066173e-4,2.7445704193409636e-4,2.6472586623249265e-5,2.7178694748392377e-5
200,4.2147656863912955e-4,6.321484512540299e-4,2.9233699892298813e-5,2.9251793965187685e-5
300,6.863225510162005e-4,1.0253460412192653e-3,3.265727859666559e-5,3.052502910225164e-5
400,9.713914921981515e-4,1.7134197426774233e-3,3.155097549544336e-5,3.097738127825972e-5
500,1.2875241887237757e-3,2.6984565999969945e-3,3.1612961451863357e-5,3.0731500352102735e-5
600,1.6078599648131188e-3,3.3791303579371623e-3,3.33090942472569e-5,3.316080056036383e-5
700,1.9674787893220413e-3,4.09627890802442e-3,3.3668441649620464e-5,3.326521434383425e-5
800,2.332796911591463e-3,4.837847950371157e-3,3.385883552246558e-5,3.334087161720237e-5
