size,from_scratch,caching,change_only,incremental
100,2.6602448459834066e-3,7.178133582968142e-3,1.9422233613137374e-4,1.9395699629582507e-4
200,6.186666977840224e-3,1.4112394215009828e-2,1.9658263004248481e-4,1.9685540745348413e-4
300,1.0422217179691474e-2,2.3043336358002438e-2,2.04626812941739e-4,2.0266781143666305e-4
400,1.4615201809751134e-2,2.8914497785187485e-2,2.0233737899072582e-4,2.0305050877704553e-4
500,1.9601028166923874e-2,3.908631838982835e-2,2.0831202145084714e-4,2.1000686227507203e-4
600,2.5354865689068147e-2,4.9615020557614666e-2,2.1040713832505564e-4,2.124853159471814e-4
700,3.173980959974614e-2,6.0353228575533935e-2,2.1109859243904013e-4,2.104960254540214e-4
800,3.796974910990302e-2,7.068772647873744e-2,2.075733846783278e-4,2.1035351783198637e-4
