size,from_scratch,caching,change_only,incremental
100,6.2800080192466304e-3,5.402449471314094e-2,9.388417592727558e-3,1.4129722087235093e-2
200,2.805830951278446e-2,0.2628173821665626,2.1033390566589365e-2,3.247709219016845e-2
300,6.887872980956031e-2,0.61984264485109,3.3579351368198354e-2,5.416624522580583e-2
400,0.1205829450292386,1.1469018744761035,4.4265456191097854e-2,7.591084243054178e-2
500,0.19188522340727515,1.803308394379903,5.70691605009327e-2,0.10105120801411123
600,0.27585746336739375,2.57903979229699,7.034205103957285e-2,0.13163037579693718
700,0.37750899351958694,3.576662468130831,8.144313697988353e-2,0.1600244400370582
800,0.4853078566487082,4.763406052482244,9.550876478615637e-2,0.1945078490630519
