size,from_scratch,caching,change_only,incremental
100,6.2577132652593265e-3,5.288271531771379e-2,9.160632873772468e-5,8.627537098871567e-4
200,2.8681266318415777e-2,0.2743888846091947,1.7837933026263706e-4,3.2627810855927987e-3
300,6.844880238893387e-2,0.6265334428486259,3.103645693569863e-4,7.487811652379075e-3
400,0.1207817098406838,1.125799518134398,4.8138112048134676e-4,1.376804383999125e-2
500,0.19523093064777325,1.78598740340796,7.021251053075122e-4,2.1198836262825607e-2
600,0.27679576942852935,2.5780603700814493,9.200344970128751e-4,3.161988644636883e-2
700,0.3715104651006153,3.559790106961612,1.1072588180348298e-3,4.2874392770785905e-2
800,0.49187190197830094,4.688521480506067,1.3274207230132963e-3,5.580876839749985e-2
